timestamp,frame,left_palpebral_height,right_palpebral_height,right_pupil_to_upper,left_pupil_to_upper
0.0,0,98.04590761474952,94.33981132056604,42.716173324004814,48.882913401622105
0.0499999999999999,1,100.0199980003999,94.26027795418386,42.058745409631115,49.86025318446208
0.1166666666666666,3,101.1236866416568,95.63472172804184,45.63472172804184,51.033767496184026
0.1333333333333333,4,99.02019995940222,94.33981132056604,43.095299419290214,49.654219770612286
0.1499999999999999,5,102.00490184299969,93.34345183246651,44.00786629829047,51.75552373739524
0.2166666666666666,7,104.04326023342406,99.32270636667126,47.12117382211851,51.88964099180287
1.2,46,105.00476179678712,105.30432089900204,48.059233773555185,52.3929760449235
1.3166666666666667,51,106.16967551989596,105.47511554864494,50.65723525398196,53.92984397346005
1.4,54,110.04090148667449,113.53413583587978,53.367700009914486,55.80991403484949
1.45,55,105.04284840006956,103.39245620450264,48.030014061836994,52.57380991068994
1.4666666666666663,56,104.00480758118827,103.4842983258813,48.402540910199654,51.53576909180865
1.4833333333333334,57,105.01904589168576,103.39245620450264,48.98657416956086,52.67403657847616
1.5166666666666666,59,115.00434774390054,111.44954015158608,52.24649968912334,57.78546974022067
1.7983333333333331,72,106.1178590059185,105.47511554864494,49.154604187330044,54.03139243349683
2.0316666666666667,80,106.01886624558855,105.57461816175324,48.56584690679634,52.68032483321021
2.0483333333333333,81,107.0420478129973,106.47065323364932,50.15014187233442,53.89131874932405
2.115,83,106.01886624558855,103.31021246711283,47.337004590486714,52.7835396287639
2.131666666666667,84,106.04244433244644,103.4842983258813,48.402540910199654,52.80711771562178
2.1483333333333334,85,108.07404868885035,105.47511554864494,49.689812824719525,54.735507276472006
2.165,86,107.16809226630843,106.6770828247567,51.134306516761434,54.01736320263519
2.2149999999999994,87,113.07077429645558,112.44554237496476,53.751420011648,56.848003108973195
2.231666666666667,88,108.07404868885035,107.46627377926528,50.853554360392636,54.735507276472006
2.2483333333333335,89,105.01904589168576,102.59142264341595,48.18554060847418,51.558780273191125
2.2983333333333333,90,113.017697729161,110.5486318323298,51.854509469013045,56.58189349107115
2.315,91,105.07616285342742,103.58571330062848,48.22327115796284,51.99132509347943
2.3316666666666666,92,108.04165863221463,106.56922632730333,50.52460125049511,53.70934780339014
2.381666666666667,93,108.04165863221463,107.56393447619884,50.55516322124194,53.58984507196671
2.3983333333333334,94,114.109596441316,111.5437134042076,53.82023464556035,57.0745195149192
2.415,95,114.0175425099138,108.77959367454908,51.05611491590183,56.87736400126718
2.4649999999999994,96,112.04017136723776,110.5486318323298,52.30775271808566,56.713866592745546
2.481666666666667,97,108.04165863221463,107.37783756436892,50.36906630941202,54.95682087226665
2.4983333333333335,98,106.04244433244644,105.47511554864494,49.154604187330044,52.80711771562178
2.515,99,107.01868995647442,104.47966309287182,49.397905677190174,53.55842433797978
2.5316666666666663,100,111.07204868912793,111.5437134042076,52.06262397235539,55.99029127344628
2.5483333333333333,101,110.01818031580054,106.38138934982942,49.768669930956776,54.79137522986422
2.565,102,113.017697729161,110.5486318323298,50.77405529681598,55.58948166771608
2.5816666666666666,103,104.04326023342406,104.38869670610896,47.14360958066211,51.69825092021446
2.598333333333333,104,108.07404868885035,105.47511554864494,49.43049047183672,53.92610320612682
2.615,105,108.0185169311262,107.16809226630843,47.70381727703442,54.41814379809661
2.631666666666667,106,112.01785571952357,108.55873986004076,50.03524030644263,55.582051481433716
2.6483333333333334,107,116.03878661895772,114.6298390472568,53.90093324450089,57.82366830764618
2.665,108,111.0180165558726,109.2931836849856,50.47141900557464,55.79121146993629
2.7483333333333335,111,110.01818031580054,108.29589096544709,49.47412628603612,55.42880405997581
2.8983333333333334,116,108.00462953040486,105.17128885774862,46.981942753844,53.41525327458013
2.981666666666667,119,111.07204868912793,109.45775440780794,50.93425485420981,55.74574391463571
2.9983333333333335,120,115.03912377969506,112.44554237496476,53.24250191250202,57.72420425606666
3.065,122,107.01868995647442,105.23307464861035,47.64835445305848,53.55842433797978
3.0983333333333336,124,112.0714058089752,107.22872749408155,48.705227940483425,55.63560157088535
3.1483333333333334,125,106.07544484940895,101.1236866416568,46.09642067286639,53.835613302973044
5.463333333333334,218,114.0175425099138,111.36426715962352,53.12338804537938,56.589326448468874
6.346666666666667,255,111.00450441310927,107.22872749408155,49.94871352760281,54.91528976358863
6.713333333333334,273,106.04244433244644,105.17128885774862,48.55856943887598,53.573405843066816
6.796666666666667,276,113.017697729161,109.37092849564732,51.130049381403175,56.29909407921207
8.463333333333333,342,118.10588469674153,116.43023662262308,55.791964879440954,59.96811728174699
9.028333333333334,366,109.01834707974616,105.30432089900204,48.983809537687144,54.27348430706218
9.045000000000002,367,111.04053313993047,110.4536101718726,52.47947800932962,56.45115688410575
9.111666666666665,369,111.00450441310927,108.37435120913068,50.4002190465877,55.10280497561453
9.478333333333333,383,119.0,115.27792503337317,54.639653290191035,58.79202710603852
9.495000000000001,384,114.0175425099138,112.2853507809456,53.82168685197174,55.96584141511383
9.761666666666665,396,114.03946685248928,111.44954015158608,54.17825589848067,57.153616239177715
9.795000000000002,398,110.01818031580054,106.30145812734648,50.984191383589156,54.116480878305794
10.028333333333332,408,115.0173899895142,111.36426715962352,53.31256606482356,56.7679264726714
10.728333333333333,436,80.02499609497022,75.0066663703967,33.89705678820777,40.21293762018146
11.928333333333333,486,106.04244433244644,100.17983829094555,47.54904882318249,54.25441482755023
12.160000000000002,494,105.04284840006956,104.17293314484334,47.85242178352845,52.69783908685996
12.193333333333333,496,106.16967551989596,104.3072384832424,49.73618388467339,52.70940990140132
12.243333333333334,497,107.07474025184464,103.12128781197411,47.75884566930847,53.316020028982194
12.260000000000002,498,106.07544484940895,105.30432089900204,49.761544591006775,53.12263566991405
12.276666666666667,499,109.2931836849856,107.56393447619884,51.6622350387041,55.83291806649097
12.343333333333334,501,105.07616285342742,101.31633629380802,47.71596316077843,53.28813334853121
12.410000000000002,503,107.16809226630843,102.39628899525609,49.02963273875075,54.39499305847339
12.426666666666668,504,108.07404868885035,104.47966309287182,50.138150416097716,53.944574277952924
12.443333333333333,505,108.07404868885035,103.31021246711283,48.22845505143119,53.944574277952924
12.510000000000002,507,108.00462953040486,105.38500842150178,49.340383344693564,53.875155119507426
12.526666666666667,508,106.00471687618432,106.16967551989596,48.60232366139894,51.87524246528689
12.57666666666667,509,111.00450441310927,108.16653826391968,49.92565914967553,55.10280497561453
12.593333333333334,510,113.017697729161,110.22250223978769,51.281854126622186,55.9475654356399
12.626666666666667,512,109.04127658827184,108.2266141020775,51.21784284712061,53.93229365445242
12.726666666666665,516,112.01785571952357,110.3675676999362,52.878438292716964,55.723983939373284
12.760000000000002,518,113.0,112.36102527122117,52.695289710515965,56.48451539622083
12.776666666666667,519,110.04090148667449,108.29589096544709,51.02460671234168,55.12278061569056
12.793333333333335,520,113.03981599418852,108.37435120913068,51.85886660535151,56.321212344239584
12.81,521,119.03780911962384,117.72000679578642,56.72000679578642,60.00392054704208
13.360000000000001,542,2.23606797749979,1.0,1.0,0.8218544151266947
13.643333333333333,553,88.0056816347672,86.20904824900923,40.60203124504371,43.85820152547897
13.660000000000002,554,90.0,88.2779700718135,41.70544598303343,44.87794330928609
13.743333333333334,557,94.00531899844816,93.1933474020544,43.94905839307388,46.70838463690629
14.176666666666668,577,101.1236866416568,98.32598842625484,46.906147897525074,51.626211958598475
14.226666666666665,578,104.0768946500615,100.40418317978587,48.61615367488967,52.453256653500276
14.260000000000002,580,107.1167587261676,101.1236866416568,46.71780460671503,53.35803850330515
14.32666666666667,582,105.07616285342742,101.31633629380802,47.19609978286878,53.45252485686619
14.393333333333333,584,102.07840124139877,97.04638066409278,44.23539695804921,51.44244563671011
14.426666666666668,586,106.1178590059185,102.1763181955584,47.09456077987675,53.64882051653888
15.010000000000002,611,93.02150289046077,89.08984229416954,40.705960680557766,46.33103277074576
15.708333333333334,637,86.0,83.09632964216891,39.130433768207695,42.82593371015419
15.725000000000001,638,87.02298546935747,85.09406559801923,39.87238937963918,43.60639877717264
15.741666666666667,639,89.00561780022652,85.05292469985967,40.13076980942727,45.26776234296844
15.758333333333333,640,88.0056816347672,88.02272433866155,38.981924997704624,44.07391636178961
15.775,641,92.00543462209176,87.14355971613737,39.0395058329146,45.907712335627316
15.79166666666667,642,94.02127418834527,91.13725912051558,43.3355855096471,47.330804068630265
15.808333333333334,643,88.02272433866155,85.0235261559999,38.2047265131214,44.090959065683954
15.825000000000001,644,91.02197536858888,90.13878188659972,41.86870834201103,45.13079974625382
15.858333333333333,646,92.00543462209176,90.27181176868004,42.732354472661186,46.651272740297486
15.875000000000002,647,93.04837451562494,91.08786966440702,41.75228413023098,46.17620793459308
15.908333333333335,649,94.00531899844816,91.13725912051558,42.37251775956914,46.70838463690629
16.14166666666667,657,98.08159868191385,96.25487000666512,45.80687698414736,49.419498439528084
16.158333333333335,658,97.082439194738,95.1892851112981,44.96976699333923,49.40644943049713
16.175000000000004,659,101.04454463255304,97.25224933131366,45.58988391895571,50.40858902786439
16.225,660,100.07996802557444,95.1892851112981,45.71201760388618,50.260293197249844
16.24166666666667,661,104.12012293500234,100.24470060806208,47.08456516805403,52.496484938441114
16.258333333333336,662,105.23307464861035,104.17293314484334,49.60187854627433,53.754923943675344
16.275000000000002,663,104.04326023342406,101.40019723846694,47.79982410543735,52.56510952848905
16.325000000000003,664,102.07840124139877,100.40418317978587,47.77339371202281,51.44244563671011
16.34166666666667,665,105.07616285342742,100.12492197250393,46.524548839474335,52.303063645592374
16.358333333333334,666,101.07917688624102,99.32270636667126,46.69191689890819,50.59155464078366
16.408333333333335,667,104.01922899156676,102.39628899525609,49.02963273875075,52.231199486670555
16.425000000000004,668,103.04368005850722,100.24470060806208,47.35802931935267,51.07253421776209
16.44166666666667,669,102.04410811016967,98.2496819333274,46.58731652096944,51.24056492664752
16.49166666666667,670,101.07917688624102,98.18350166906862,45.29683038035921,49.29114738134481
16.508333333333336,671,102.1763181955584,98.18350166906862,46.52113625671066,50.824589889687324
16.525000000000002,672,99.08077512817508,97.12878049270464,45.205760549715954,49.58330044511675
16.575000000000003,673,109.07336980216571,104.23531071570709,48.918043971949764,54.15524893118179
16.59166666666667,674,100.0199980003999,97.25224933131366,46.291480106350036,50.200323172075294
16.608333333333334,675,100.12492197250393,98.2496819333274,46.58731652096944,50.6274472894456
16.625000000000004,676,101.1236866416568,95.08417323613853,43.8396613348627,50.874308536052354
16.675000000000004,677,103.07764064044152,100.07996802557444,45.67408599063267,51.106494799696385
16.69166666666667,678,101.17806086301516,98.2496819333274,46.82984140459763,51.81208067422523
16.758333333333336,680,108.1156787889712,103.31021246711283,48.96869979033873,54.356958566108744
16.775000000000002,681,101.1236866416568,97.12878049270464,45.205760549715954,50.63606439619945
16.791666666666668,682,103.04368005850722,101.24228365658294,47.3906355852379,51.42004206194599
16.84166666666667,685,102.23991392797627,100.17983829094555,46.57946515791596,51.88120067991959
16.89166666666667,688,100.24470060806208,96.25487000666512,45.29410078170149,50.87872041927214
16.958333333333336,692,102.04410811016967,100.07996802557444,45.9597315146352,50.420470113608445
17.041666666666668,695,105.23307464861035,101.31633629380802,47.46468822246298,52.88806533540075
17.058333333333337,696,102.12247548899312,99.32270636667126,47.6603409543133,51.76376224093643
17.108333333333338,697,93.1933474020544,94.13288479590966,44.65561728849774,47.6521572551116
17.125000000000004,698,90.00555538409837,90.0222194794152,41.63833786580342,44.6513935023041
18.208333333333336,743,97.082439194738,97.41663102366044,46.78067541897179,49.03038408780215
18.34166666666667,747,99.08077512817508,99.40824915468536,47.620219649789156,49.60350762076315
18.358333333333338,748,98.04590761474952,95.33624704172072,44.64107961917441,48.5686401073376
18.775000000000002,763,93.04837451562494,93.1933474020544,44.685616059514786,47.342794987519184
19.873333333333335,809,102.1763181955584,96.33275663033837,45.88476360782061,52.527551846332756
19.890000000000004,810,101.1236866416568,98.32598842625484,47.13028548157402,50.904168523697926
19.906666666666666,811,102.1763181955584,98.32598842625484,47.33579329032699,51.54036259086974
19.923333333333336,812,104.0768946500615,99.24716620639605,47.07437636341372,52.453256653500276
19.973333333333336,815,104.01922899156676,100.40418317978587,48.23139333680355,51.84643914858444
20.540000000000003,837,106.04244433244644,104.23531071570709,49.15355330002544,53.430658580582815
20.55666666666667,838,108.07404868885035,103.1746092796091,48.35672898494612,54.47367555582076
20.573333333333338,839,106.1178590059185,104.12012293500234,48.075497858194126,53.64882051653888
20.623333333333335,840,103.07764064044152,101.17806086301516,47.32641279167012,52.274097456919364
20.640000000000004,841,106.07544484940895,103.23759005323592,49.63721692020633,53.30234564157391
20.656666666666666,842,101.01980003939822,101.17806086301516,47.05782435207592,50.80028192143934
20.70666666666667,843,107.01868995647442,103.23759005323592,48.41970975857294,52.88921554557699
20.723333333333336,844,111.22050170719426,106.30145812734648,49.29268687238958,55.993696621257946
20.740000000000002,845,106.1178590059185,103.31021246711283,48.492332172449856,53.50607325405488
20.75666666666667,846,104.00480758118827,104.17293314484334,48.128308068035125,51.83201773820595
20.80666666666667,847,108.04165863221463,105.17128885774862,48.85077749643373,53.296795859530654
20.823333333333338,848,101.01980003939822,98.12746812182613,44.96733268181808,51.00980103919827
20.840000000000003,849,98.04590761474952,95.25754563287887,45.038027514919996,49.38380737236376
22.273333333333333,909,102.12247548899312,101.17806086301516,47.32641279167012,51.634853243535765
22.290000000000003,910,107.00467279516349,102.48902380255166,49.12236754604632,53.85394373149024
22.338333333333335,911,104.12012293500234,101.40019723846694,48.03354098196161,52.64197223006733
22.371666666666666,913,108.16653826391968,104.38869670610896,50.25922229521153,54.70627264542504
22.72166666666667,926,100.00499987500623,97.082439194738,43.94111817239231,50.356233525780596
22.77166666666667,927,93.0,91.13725912051558,41.48849277128994,46.12783341896814
23.855000000000004,972,103.07764064044152,97.082439194738,44.88090665018525,51.45400264388029
23.97166666666667,977,102.04410811016967,99.18165152889924,45.73073946932817,51.40815250548102
23.98833333333334,978,103.00485425454472,99.24716620639605,47.58480079403809,51.21682474964852
24.005000000000003,979,104.17293314484334,98.32598842625484,47.13028548157402,52.69478243990833
24.02166666666667,980,104.0768946500615,102.1763181955584,47.35843790089542,52.453256653500276
24.038333333333338,981,99.02019995940222,97.25224933131366,46.55708190876735,49.98959727087717
24.055000000000003,982,109.22453936730518,103.39245620450264,48.82140160593362,54.89222853848069
24.071666666666665,983,101.1236866416568,99.18165152889924,47.76181100016947,51.626211958598475
24.08833333333334,984,107.22872749408155,103.4842983258813,49.35482391498387,54.45562828624651
24.105000000000004,985,111.16204388189342,109.65856099730654,52.58842870378544,56.417181109209444
24.155000000000012,986,105.11898020814318,101.24228365658294,47.3906355852379,52.649941718763564
24.421666666666667,996,105.17128885774862,102.23991392797627,47.15815651229463,52.398189649913576
24.438333333333336,997,107.07474025184464,104.23531071570709,47.914799354392194,54.605701762465024
24.538333333333338,1001,106.00471687618432,99.24716620639605,46.087030766388,52.85398781251107
24.58833333333334,1002,105.07616285342742,103.23759005323592,47.57790985293293,52.303063645592374
24.621666666666666,1004,106.04244433244644,103.39245620450264,49.050943527728535,52.442071199416844
24.688333333333336,1006,111.0180165558726,108.29589096544709,50.32175880290411,55.90903362205319
24.705000000000002,1007,110.04090148667449,108.37435120913068,51.620496714479835,55.45152523084976
24.755000000000003,1008,109.07336980216571,105.30432089900204,49.761544591006775,54.48399354634099
24.77166666666667,1009,105.04284840006956,102.23991392797627,46.58023372767329,53.25481889517335
24.788333333333338,1010,111.04053313993047,106.23088063270492,49.91036927139003,55.13883370243573
24.805000000000003,1011,105.01904589168576,101.17806086301516,47.57768772998557,53.04790005094063
24.855000000000004,1012,90.00555538409837,88.14193099768123,41.01444432588851,45.45221656420745
